topic,"U.S. National Conversation on AI"
url,http://localhost/9wauntkmff
voters,1090
voters-in-conv,1046
commenters,424
comments,1454
groups,2
conversation-description,"---
#### IMPORTANT INFO:

The guiding question for this U.S. National Conversation on the AI is the following: 

**_""What is your highest priority concern with respect to AI over the next 10 years?""_**

We’ve asked hundreds of Americans for their answers to this question. The statements you are about to see are what they wrote. 

Please **vote on at least 15 statements** to share your views with us. You can “agree,” “disagree,” or “pass.” If you think a statement is particularly important, you may also tick the “this comment is important” checkbox.

**Return to the survey that sent you here once you've spent at least 10 minutes voting.** 
No alarm will go off, so just keep an eye on the timer from the survey. Thank you!

*There may be a few seconds of lag between statements*

---
"